{"stats":{"minecraft:crafted":{"minecraft:barrel":1,"minecraft:crafting_table":1,"minecraft:spruce_planks":100,"minecraft:dried_kelp":8,"minecraft:wooden_pickaxe":1,"minecraft:furnace":2,"minecraft:campfire":1,"minecraft:spruce_fence":15,"minecraft:stone_axe":2,"minecraft:shield":1,"minecraft:spruce_slab":6,"minecraft:stick":32,"minecraft:iron_ingot":3,"minecraft:stone_pickaxe":1,"minecraft:torch":28},"minecraft:killed":{"minecraft:squid":1,"minecraft:cow":2},"minecraft:picked_up":{"minecraft:crafting_table":1,"minecraft:andesite":14,"minecraft:leather":4,"minecraft:dirt":67,"minecraft:kelp":53,"minecraft:wheat_seeds":3,"minecraft:spruce_planks":1,"minecraft:beef":4,"minecraft:sugar_cane":8,"minecraft:stick":42,"minecraft:sweet_berries":90,"minecraft:torch":1,"minecraft:gravel":2,"minecraft:dried_kelp":8,"minecraft:spruce_sapling":19,"minecraft:ink_sac":3,"minecraft:diorite":9,"minecraft:spruce_log":31,"minecraft:stone_axe":1,"minecraft:granite":2,"minecraft:coal":12,"minecraft:cobblestone":87},"minecraft:mined":{"minecraft:spruce_planks":1,"minecraft:kelp_plant":15,"minecraft:crafting_table":1,"minecraft:granite":2,"minecraft:grass_block":17,"minecraft:spruce_leaves":15,"minecraft:sugar_cane":8,"minecraft:kelp":18,"minecraft:diorite":10,"minecraft:large_fern":1,"minecraft:seagrass":3,"minecraft:spruce_sapling":5,"minecraft:sweet_berry_bush":10,"minecraft:spruce_log":31,"minecraft:andesite":14,"minecraft:grass":2,"minecraft:coal_ore":11,"minecraft:gravel":2,"minecraft:dirt":53,"minecraft:stone":85,"minecraft:fern":3},"minecraft:dropped":{"minecraft:stone_axe":2,"minecraft:sweet_berries":4},"minecraft:custom":{"minecraft:interact_with_furnace":15,"minecraft:mob_kills":4,"minecraft:interact_with_crafting_table":16,"minecraft:open_barrel":9,"minecraft:play_one_minute":59740,"minecraft:interact_with_campfire":11,"minecraft:leave_game":3,"minecraft:time_since_death":59740,"minecraft:time_since_rest":59740,"minecraft:sprint_one_cm":67048,"minecraft:damage_taken":550,"minecraft:walk_one_cm":87892,"minecraft:damage_blocked_by_shield":260,"minecraft:drop":6,"minecraft:damage_dealt":490,"minecraft:swim_one_cm":21647,"minecraft:fly_one_cm":74137,"minecraft:open_chest":3,"minecraft:sneak_time":89,"minecraft:walk_under_water_one_cm":9066,"minecraft:jump":766,"minecraft:walk_on_water_one_cm":17088,"minecraft:fall_one_cm":14880},"minecraft:used":{"minecraft:stone_pickaxe":111,"minecraft:dried_kelp":14,"minecraft:spruce_planks":21,"minecraft:wooden_pickaxe":14,"minecraft:sugar_cane":8,"minecraft:torch":27,"minecraft:dirt":28,"minecraft:crafting_table":1,"minecraft:campfire":1,"minecraft:spruce_log":1,"minecraft:barrel":1,"minecraft:stone_axe":43,"minecraft:cobblestone":2,"minecraft:sweet_berries":66,"minecraft:furnace":2,"minecraft:kelp":22}},"DataVersion":2227}