{"stats":{"minecraft:crafted":{"minecraft:shield":1,"minecraft:crafting_table":1,"minecraft:spruce_planks":176,"minecraft:stick":44,"minecraft:dried_kelp":12,"minecraft:wooden_pickaxe":1,"minecraft:iron_ingot":8,"minecraft:stone_pickaxe":1,"minecraft:stone_sword":1,"minecraft:chest":1,"minecraft:torch":44},"minecraft:killed":{"minecraft:skeleton":1},"minecraft:picked_up":{"minecraft:stick":9,"minecraft:sweet_berries":50,"minecraft:torch":1,"minecraft:dried_kelp":12,"minecraft:spruce_sapling":9,"minecraft:diorite":1,"minecraft:spruce_log":45,"minecraft:dirt":38,"minecraft:arrow":2,"minecraft:bone":2,"minecraft:bow":1,"minecraft:stone_axe":1,"minecraft:wheat_seeds":1,"minecraft:spruce_planks":3,"minecraft:granite":3,"minecraft:iron_ore":11,"minecraft:coal":40,"minecraft:cobblestone":92},"minecraft:mined":{"minecraft:iron_ore":11,"minecraft:sweet_berry_bush":35,"minecraft:spruce_log":47,"minecraft:granite":3,"minecraft:grass_block":3,"minecraft:coal_ore":41,"minecraft:dirt":16,"minecraft:spruce_leaves":32,"minecraft:stone":94,"minecraft:fern":1},"minecraft:custom":{"minecraft:time_since_rest":53736,"minecraft:interact_with_furnace":8,"minecraft:damage_taken":310,"minecraft:walk_one_cm":89063,"minecraft:mob_kills":1,"minecraft:damage_dealt":189,"minecraft:interact_with_crafting_table":15,"minecraft:fly_one_cm":303,"minecraft:open_chest":7,"minecraft:play_one_minute":53736,"minecraft:jump":384,"minecraft:leave_game":2,"minecraft:walk_on_water_one_cm":16,"minecraft:time_since_death":53736,"minecraft:fall_one_cm":2857},"minecraft:used":{"minecraft:stone_sword":6,"minecraft:stone_pickaxe":141,"minecraft:chest":1,"minecraft:spruce_planks":45,"minecraft:wooden_pickaxe":50,"minecraft:spruce_sapling":5,"minecraft:stone_axe":42,"minecraft:torch":3,"minecraft:dirt":18,"minecraft:sweet_berries":38,"minecraft:crafting_table":1,"minecraft:spruce_log":1}},"DataVersion":2227}