{"stat.chestOpened":6,"stat.walkOneCm":29313,"stat.useItem.minecraft.chest":1,"stat.pickup.minecraft.wooden_slab":14,"stat.leaveGame":2,"stat.pickup.minecraft.crafting_table":2,"stat.craftItem.minecraft.crafting_table":3,"stat.furnaceInteraction":11,"stat.pickup.minecraft.jungle_fence":2,"stat.mineBlock.minecraft.coal_ore":7,"stat.craftItem.minecraft.coal":6,"stat.pickup.minecraft.log":59,"stat.jump":129,"stat.mineBlock.minecraft.ladder":3,"stat.pickup.minecraft.coal":7,"stat.fallOneCm":5463,"stat.climbOneCm":1878,"stat.useItem.minecraft.planks":58,"stat.craftItem.minecraft.shield":1,"stat.pickup.minecraft.beef":4,"stat.pickup.minecraft.furnace":1,"stat.useItem.minecraft.stone_axe":7,"stat.craftItem.minecraft.gold_ingot":7,"stat.crouchOneCm":10293,"stat.pickup.minecraft.chicken":1,"stat.mineBlock.minecraft.chest":1,"stat.craftItem.minecraft.iron_ingot":9,"stat.pickup.minecraft.sapling":5,"stat.pickup.minecraft.dirt":2,"stat.useItem.minecraft.dirt":6,"stat.sprintOneCm":23555,"stat.pickup.minecraft.ladder":15,"stat.craftItem.minecraft.stick":32,"stat.craftItem.minecraft.wooden_axe":1,"stat.craftingTableInteraction":13,"stat.pickup.minecraft.iron_ore":9,"stat.craftItem.minecraft.furnace":1,"stat.useItem.minecraft.sapling":5,"stat.pickup.minecraft.gold_ore":7,"stat.mineBlock.minecraft.lapis_ore":2,"stat.craftItem.minecraft.bucket":1,"stat.craftItem.minecraft.planks":212,"stat.craftItem.minecraft.stone_axe":1,"stat.damageTaken":510,"stat.mineBlock.minecraft.crafting_table":2,"stat.pickup.minecraft.leather":3,"stat.craftItem.minecraft.stone_pickaxe":2,"stat.mineBlock.minecraft.furnace":1,"stat.useItem.minecraft.wooden_pickaxe":5,"stat.useItem.minecraft.furnace":2,"stat.pickup.minecraft.cobblestone":100,"stat.mobKills":3,"stat.mineBlock.minecraft.wooden_slab":8,"stat.useItem.minecraft.dye":17,"stat.mineBlock.minecraft.log":59,"stat.craftItem.minecraft.shears":1,"stat.useItem.minecraft.bucket":1,"stat.pickup.minecraft.dye":9,"stat.mineBlock.minecraft.jungle_fence":1,"stat.craftItem.minecraft.stone_sword":1,"stat.flyOneCm":166787,"stat.deaths":1,"stat.drop":2,"stat.mineBlock.minecraft.leaves":83,"stat.pickup.minecraft.egg":1,"stat.playOneMinute":42197,"stat.useItem.minecraft.stone_pickaxe":124,"stat.craftItem.minecraft.wooden_slab":60,"stat.sneakTime":5691,"stat.craftItem.minecraft.iron_pickaxe":1,"stat.useItem.minecraft.stone_sword":6,"stat.pickup.minecraft.wool":3,"stat.damageDealt":270,"stat.mineBlock.minecraft.iron_ore":9,"stat.timeSinceDeath":36430,"stat.drop.minecraft.chest":1,"stat.useItem.minecraft.wooden_axe":49,"stat.killEntity.Cow":3,"stat.mineBlock.minecraft.dirt":10,"stat.useItem.minecraft.crafting_table":4,"stat.useItem.minecraft.iron_pickaxe":7,"stat.drop.minecraft.grass":1,"stat.useItem.minecraft.wooden_slab":57,"stat.craftItem.minecraft.wooden_pickaxe":1,"stat.mineBlock.minecraft.stone":110,"stat.mineBlock.minecraft.gold_ore":7}