{"stat.chestOpened":4,"stat.useItem.minecraft.lapis_ore":2,"stat.walkOneCm":12845,"stat.useItem.minecraft.chest":1,"stat.useItem.minecraft.stone":235,"stat.useItem.minecraft.jungle_fence":44,"stat.leaveGame":1,"stat.useItem.minecraft.soul_sand":1,"stat.useItem.minecraft.gold_ore":7,"stat.useItem.minecraft.lava_bucket":2,"stat.useItem.minecraft.carpet":4,"stat.useItem.minecraft.diamond_sword":4,"stat.drop.minecraft.spawn_egg":1,"stat.useItem.minecraft.quartz_ore":7,"stat.useItem.minecraft.bedrock":25,"stat.drop.minecraft.sandstone":2,"stat.jump":65,"stat.swimOneCm":1892,"stat.climbOneCm":412,"stat.drop.minecraft.sapling":1,"stat.drop.minecraft.birch_fence":1,"stat.crouchOneCm":16,"stat.pickup.minecraft.sapling":1,"stat.useItem.minecraft.coal_ore":10,"stat.useItem.minecraft.dirt":224,"stat.useItem.minecraft.water_bucket":48,"stat.useItem.minecraft.netherrack":44,"stat.useItem.minecraft.acacia_fence":2,"stat.useItem.minecraft.sapling":6,"stat.useItem.minecraft.flint_and_steel":10,"stat.useItem.minecraft.iron_ore":12,"stat.drop.minecraft.water_bucket":1,"stat.mobKills":2,"stat.useItem.minecraft.dye":11,"stat.useItem.minecraft.bucket":1,"stat.flyOneCm":170922,"stat.drop":9,"stat.useItem.minecraft.birch_fence":33,"stat.mineBlock.minecraft.leaves":1,"stat.useItem.minecraft.magma":23,"stat.playOneMinute":54827,"stat.killEntity.Sheep":2,"stat.useItem.minecraft.ladder":20,"stat.sneakTime":635,"stat.pickup.minecraft.wool":2,"stat.damageDealt":160,"stat.drop.minecraft.bucket":1,"stat.timeSinceDeath":54827,"stat.useItem.minecraft.spawn_egg":18,"stat.drop.minecraft.grass":2,"stat.pickup.minecraft.mutton":3,"stat.diveOneCm":510,"stat.useItem.minecraft.sandstone":131}